title, price, image, status
Smart Trainer, 1600.00, https://i1.wp.com/thebeautyinyou.mlethadaniels.net/wp-content/uploads/2017/10/Smart-Indoor-Recumbent-Exercise-Bike-JOROTO-MH20-Cardio-Fitness-Cycling-Machine-Home-Stationary-Trainer-with-Pulse-0.jpg?resize=150%2C150,inactive
Bike Trailer, 689.00, http://gdbuk.com/wp-content/uploads/2018/02/2-in-1-double-child-ba-bike-trailer-ba-strollers-ba-inside-bike-trailer-for-babybike-trailer-for-baby-1-150x150.jpg,active
GPS Bike Computer, 250.00, https://static.webshopapp.com/shops/169766/files/167776613/150x150x1/wahoo-elemnt-gps-bike-computer.jpg,active
Bike Repair Stand, 187.95, http://i1.adis.ws/i/washford/570897?$pm_small$,active
Travel Case, 600.00, http://www.asgthestore.com/wp-content/uploads/2017/03/sc-aerocomfort-3.0-mtb-open-lowres-150x150.jpg,active
Bike Light Set, 100.00, https://images-eu.ssl-images-amazon.com/images/I/717AZpdB73L._SL150_.jpg,active
Tool Kit, 225.00 ,http://www.pylyglot.org/wp-content/uploads/2017/11/bike-tool-set-150x150.jpg,active
Standard U-Lock, 105.00, http://besttravelgear.com/wp-content/uploads/2016/11/kryptonite-evolution-series-4-package-150x150.jpg,inactive
Bike Floor Pump, 50.00, http://www.pylyglot.org/wp-content/uploads/2018/02/bontrager-floor-pump-150x150.jpg,active
Torque Wrench, 250.00, https://www.msi-viking.com/assets/images/no%20image%20icons/thumbnails/generictorquewrench-image_thumbnail.jpg,active
Chain Lock, 100.00, https://www.pushys.com.au/media/catalog/product/cache/3/small_image/150x/9df78eab33525d08d6e5fb8d27136e95/pushys/o/onguard-beast-chain-lock-110cm-x-12mm-8017.jpg,active
Cleaning Kit, 32.00, https://www.pushys.com.au/media/catalog/product/cache/3/small_image/150x/9df78eab33525d08d6e5fb8d27136e95/pushys/m/muc-off-ultimate-bicycle-cleaning-kit-MO284.jpg,active
Multi-Tool, 27.00, https://www.pushys.com.au/media/catalog/product/cache/3/small_image/150x/9df78eab33525d08d6e5fb8d27136e95/pushys/t/topeak-x-toolplus-11-function-multi-tool-TT2572B.jpg,active
Handlebar Pack, 125.00, http://i31.twenga.com/sports/handlebar-bag/altura-sonic-5-litre-tp_6755675314913605149b.jpg,active
